{
  "timestamp": "2025-03-08T23:23:05.834Z",
  "metrics": {
    "TTFB": 1.5,
    "DOMContentLoaded": 13.099999999627471,
    "Load": 13.5,
    "FCP": 36,
    "LCP": 36,
    "memory": {
      "jsHeapSizeLimit": 3760000000,
      "totalJSHeapSize": 10000000,
      "usedJSHeapSize": 10000000
    },
    "CLS": 0,
    "resourceCount": 0,
    "scriptDuration": 0.40000000037252903
  }
}