{
  "timestamp": "2025-03-08T20:13:53.394Z",
  "metrics": {
    "TTFB": 0.8999999994412065,
    "DOMContentLoaded": 18.09999999962747,
    "Load": 18.399999999441206,
    "FCP": 16,
    "memory": {
      "jsHeapSizeLimit": 3760000000,
      "totalJSHeapSize": 10000000,
      "usedJSHeapSize": 10000000
    },
    "resourceCount": 11,
    "scriptDuration": 0
  }
}